{"cameraMode":{"drawMode":0,"name":"Shaded","section":"Shading Mode"},"sceneLighting":false,"audioPlay":false,"sceneViewState":{"showFog":true,"showMaterialUpdate":false,"showSkybox":false,"showFlares":true,"showImageEffects":true,"showParticleSystems":true,"showVisualEffectGraphs":true,"m_FxEnabled":true},"in2DMode":false,"pivot":{"x":-0.07954172044992447,"y":1.8224271535873414,"z":-0.09422314912080765},"rotation":{"x":-0.004776508081704378,"y":0.11881782114505768,"z":-0.000566404196433723,"w":-0.9929414391517639},"size":1.3460835218429566,"orthographic":false}