{"cameraMode":{"drawMode":0,"name":"Shaded","section":"Shading Mode"},"sceneLighting":true,"audioPlay":false,"sceneViewState":{"showFog":true,"showMaterialUpdate":false,"showSkybox":true,"showFlares":true,"showImageEffects":true,"showParticleSystems":true,"showVisualEffectGraphs":true,"m_FxEnabled":true},"in2DMode":false,"pivot":{"x":1.387120008468628,"y":1.4395097494125367,"z":-0.7688226103782654},"rotation":{"x":-0.08273111283779144,"y":0.48391833901405337,"z":-0.04602237045764923,"w":-0.8700084090232849},"size":1.1660254001617432,"orthographic":false}