{"cameraMode":{"drawMode":0,"name":"Shaded","section":"Shading Mode"},"sceneLighting":true,"audioPlay":false,"sceneViewState":{"showFog":true,"showMaterialUpdate":false,"showSkybox":true,"showFlares":true,"showImageEffects":true,"showParticleSystems":true,"showVisualEffectGraphs":true,"m_FxEnabled":true},"in2DMode":false,"pivot":{"x":-1.1720457077026368,"y":-1.4743103981018067,"z":1.7117328643798829},"rotation":{"x":0.20135074853897096,"y":0.24394528567790986,"z":-0.051745761185884479,"w":0.9473631381988525},"size":11.430545806884766,"orthographic":false}