{"cameraMode":{"drawMode":0,"name":"Shaded","section":"Shading Mode"},"sceneLighting":false,"audioPlay":false,"sceneViewState":{"showFog":true,"showMaterialUpdate":false,"showSkybox":false,"showFlares":true,"showImageEffects":true,"showParticleSystems":true,"showVisualEffectGraphs":true,"m_FxEnabled":true},"in2DMode":false,"pivot":{"x":0.4069836735725403,"y":0.23401260375976563,"z":-0.028188830241560937},"rotation":{"x":0.2607567012310028,"y":-0.3820062577724457,"z":0.11352002620697022,"w":0.879552960395813},"size":0.8660253882408142,"orthographic":false}