{"cameraMode":{"drawMode":0,"name":"Shaded","section":"Shading Mode"},"sceneLighting":false,"audioPlay":false,"sceneViewState":{"showFog":true,"showMaterialUpdate":false,"showSkybox":false,"showFlares":true,"showImageEffects":true,"showParticleSystems":true,"showVisualEffectGraphs":true,"m_FxEnabled":true},"in2DMode":false,"pivot":{"x":-0.38560914993286135,"y":0.28338247537612917,"z":-0.760422945022583},"rotation":{"x":0.10887012630701065,"y":0.20409132540225984,"z":-0.022230088710784913,"w":0.9729114770889282},"size":0.9495604634284973,"orthographic":false}