{"cameraMode":{"drawMode":0,"name":"Shaded","section":"Shading Mode"},"sceneLighting":false,"audioPlay":false,"sceneViewState":{"showFog":true,"showMaterialUpdate":false,"showSkybox":false,"showFlares":true,"showImageEffects":true,"showParticleSystems":true,"showVisualEffectGraphs":true,"m_FxEnabled":true},"in2DMode":false,"pivot":{"x":0.4675043821334839,"y":0.46732044219970705,"z":0.8111658096313477},"rotation":{"x":0.4277515113353729,"y":0.052822161465883258,"z":-0.025053851306438447,"w":0.9020152688026428},"size":1.5000174045562745,"orthographic":false}