{"cameraMode":{"drawMode":0,"name":"Shaded","section":"Shading Mode"},"sceneLighting":true,"audioPlay":false,"sceneViewState":{"showFog":true,"showMaterialUpdate":false,"showSkybox":true,"showFlares":true,"showImageEffects":true,"showParticleSystems":true,"showVisualEffectGraphs":true,"m_FxEnabled":true},"in2DMode":false,"pivot":{"x":288.46148681640627,"y":-271.58575439453127,"z":817.997314453125},"rotation":{"x":0.2510424256324768,"y":-0.020331352949142457,"z":0.005269416607916355,"w":0.9677658677101135},"size":668.7999877929688,"orthographic":false}