{"cameraMode":{"drawMode":0,"name":"Shaded","section":"Shading Mode"},"sceneLighting":false,"audioPlay":false,"sceneViewState":{"showFog":true,"showMaterialUpdate":false,"showSkybox":false,"showFlares":true,"showImageEffects":true,"showParticleSystems":true,"showVisualEffectGraphs":true,"m_FxEnabled":true},"in2DMode":false,"pivot":{"x":-3.7587924003601076,"y":4.0974273681640629,"z":0.719786524772644},"rotation":{"x":0.47629112005233767,"y":-0.09305167943239212,"z":0.05077767372131348,"w":0.8728829026222229},"size":1.1604740619659424,"orthographic":false}