{"cameraMode":{"drawMode":0,"name":"Shaded","section":"Shading Mode"},"sceneLighting":false,"audioPlay":false,"sceneViewState":{"showFog":true,"showMaterialUpdate":false,"showSkybox":false,"showFlares":true,"showImageEffects":true,"showParticleSystems":true,"showVisualEffectGraphs":true,"m_FxEnabled":true},"in2DMode":false,"pivot":{"x":0.6401880383491516,"y":3.8008761405944826,"z":-0.6547679901123047},"rotation":{"x":0.09466764330863953,"y":0.004474793095141649,"z":-0.0004308425122871995,"w":0.9955078959465027},"size":4.245072364807129,"orthographic":false}