{"cameraMode":{"drawMode":0,"name":"Shaded","section":"Shading Mode"},"sceneLighting":true,"audioPlay":false,"sceneViewState":{"showFog":true,"showMaterialUpdate":false,"showSkybox":true,"showFlares":true,"showImageEffects":true,"showParticleSystems":true,"showVisualEffectGraphs":true,"m_FxEnabled":true},"in2DMode":false,"pivot":{"x":-3.874326229095459,"y":-11.962066650390625,"z":20.26048469543457},"rotation":{"x":0.2883390784263611,"y":0.018096858635544778,"z":-0.005468000657856464,"w":0.9574988484382629},"size":15.313658714294434,"orthographic":false}