{"cameraMode":{"drawMode":0,"name":"Shaded","section":"Shading Mode"},"sceneLighting":false,"audioPlay":false,"sceneViewState":{"showFog":true,"showMaterialUpdate":false,"showSkybox":false,"showFlares":true,"showImageEffects":true,"showParticleSystems":true,"showVisualEffectGraphs":true,"m_FxEnabled":true},"in2DMode":false,"pivot":{"x":-5.960464477539063e-8,"y":5.271989345550537,"z":-0.00017440319061279297},"rotation":{"x":-0.16704042255878449,"y":0.04464366286993027,"z":0.007572236470878124,"w":0.9849153161048889},"size":1.097606897354126,"orthographic":false}