{"cameraMode":{"drawMode":0,"name":"Shaded","section":"Shading Mode"},"sceneLighting":false,"audioPlay":false,"sceneViewState":{"showFog":true,"showMaterialUpdate":false,"showSkybox":false,"showFlares":true,"showImageEffects":true,"showParticleSystems":true,"showVisualEffectGraphs":true,"m_FxEnabled":true},"in2DMode":false,"pivot":{"x":-2.1926052570343019,"y":2.8527917861938478,"z":-0.8399999737739563},"rotation":{"x":0.13325245678424836,"y":0.49422168731689455,"z":-0.07697898149490357,"w":0.8556293249130249},"size":2.400017261505127,"orthographic":false}