{"cameraMode":{"drawMode":0,"name":"Shaded","section":"Shading Mode"},"sceneLighting":false,"audioPlay":false,"sceneViewState":{"showFog":true,"showMaterialUpdate":false,"showSkybox":false,"showFlares":true,"showImageEffects":true,"showParticleSystems":true,"showVisualEffectGraphs":true,"m_FxEnabled":true},"in2DMode":false,"pivot":{"x":14.12406063079834,"y":0.9505383968353272,"z":-0.8634035587310791},"rotation":{"x":0.004499894566833973,"y":-0.0006016517872922123,"z":0.0000030757460081076717,"w":0.9999914765357971},"size":1.8523340225219727,"orthographic":true}