{"cameraMode":{"drawMode":0,"name":"Shaded","section":"Shading Mode"},"sceneLighting":true,"audioPlay":false,"sceneViewState":{"showFog":true,"showMaterialUpdate":false,"showSkybox":true,"showFlares":true,"showImageEffects":true,"showParticleSystems":true,"showVisualEffectGraphs":true,"m_FxEnabled":true},"in2DMode":false,"pivot":{"x":0.4262210726737976,"y":6.541139602661133,"z":-2.8990933895111086},"rotation":{"x":0.0824035182595253,"y":-0.008673686534166336,"z":0.0007174710044637322,"w":0.9965655207633972},"size":1.9354486465454102,"orthographic":false}