{"cameraMode":{"drawMode":0,"name":"Shaded","section":"Shading Mode"},"sceneLighting":true,"audioPlay":false,"sceneViewState":{"showFog":true,"showMaterialUpdate":false,"showSkybox":true,"showFlares":true,"showImageEffects":true,"showParticleSystems":true,"showVisualEffectGraphs":true,"m_FxEnabled":true},"in2DMode":false,"pivot":{"x":306.12213134765627,"y":232.4734344482422,"z":143.67913818359376},"rotation":{"x":0.004496517591178417,"y":-0.028202930465340616,"z":0.0002266638184664771,"w":0.9996854066848755},"size":346.95208740234377,"orthographic":false}