{"cameraMode":{"drawMode":0,"name":"Shaded","section":"Shading Mode"},"sceneLighting":true,"audioPlay":false,"sceneViewState":{"showFog":true,"showMaterialUpdate":false,"showSkybox":true,"showFlares":true,"showImageEffects":true,"showParticleSystems":true,"showVisualEffectGraphs":true,"m_FxEnabled":true},"in2DMode":false,"pivot":{"x":0.823298454284668,"y":8.453252792358399,"z":-3.0773868560791017},"rotation":{"x":-0.16704042255878449,"y":0.04464366286993027,"z":0.007572236470878124,"w":0.9849153161048889},"size":1.9354486465454102,"orthographic":false}