{"cameraMode":{"drawMode":0,"name":"Shaded","section":"Shading Mode"},"sceneLighting":true,"audioPlay":false,"sceneViewState":{"showFog":true,"showMaterialUpdate":false,"showSkybox":true,"showFlares":true,"showImageEffects":true,"showParticleSystems":true,"showVisualEffectGraphs":true,"m_FxEnabled":true},"in2DMode":false,"pivot":{"x":-1.6544426679611207,"y":4.972153663635254,"z":1.7204471826553345},"rotation":{"x":0.02249721623957157,"y":0.012292787432670594,"z":-0.0002812925085891038,"w":0.9996886253356934},"size":4.648989200592041,"orthographic":false}