{"cameraMode":{"drawMode":0,"name":"Shaded","section":"Shading Mode"},"sceneLighting":true,"audioPlay":false,"sceneViewState":{"showFog":true,"showMaterialUpdate":false,"showSkybox":true,"showFlares":true,"showImageEffects":true,"showParticleSystems":true,"showVisualEffectGraphs":true,"m_FxEnabled":true},"in2DMode":false,"pivot":{"x":513.4603881835938,"y":395.2857971191406,"z":-807.156005859375},"rotation":{"x":0.031496915966272357,"y":-0.0012046423507854343,"z":0.000013996093912282959,"w":0.999557375907898},"size":27.464550018310548,"orthographic":false}