{"cameraMode":{"drawMode":0,"name":"Shaded","section":"Shading Mode"},"sceneLighting":false,"audioPlay":false,"sceneViewState":{"showFog":true,"showMaterialUpdate":false,"showSkybox":false,"showFlares":true,"showImageEffects":true,"showParticleSystems":true,"showVisualEffectGraphs":true,"m_FxEnabled":true},"in2DMode":false,"pivot":{"x":-0.04085564240813255,"y":0.9349157810211182,"z":0.4479169547557831},"rotation":{"x":-1.3695311906758435e-7,"y":0.0008981060236692429,"z":7.852123218299312e-8,"w":1.0000008344650269},"size":1.898529052734375,"orthographic":true}