{"cameraMode":{"drawMode":0,"name":"Shaded","section":"Shading Mode"},"sceneLighting":false,"audioPlay":false,"sceneViewState":{"showFog":true,"showMaterialUpdate":false,"showSkybox":false,"showFlares":true,"showImageEffects":true,"showParticleSystems":true,"showVisualEffectGraphs":true,"m_FxEnabled":true},"in2DMode":false,"pivot":{"x":2.658215045928955,"y":1.5899484157562256,"z":-2.3097641468048097},"rotation":{"x":0.026928234845399858,"y":-0.07102188467979431,"z":0.0019516096217557788,"w":0.9971895217895508},"size":1.210153579711914,"orthographic":false}