{"cameraMode":{"drawMode":0,"name":"Shaded","section":"Shading Mode"},"sceneLighting":false,"audioPlay":false,"sceneViewState":{"showFog":true,"showMaterialUpdate":false,"showSkybox":false,"showFlares":true,"showImageEffects":true,"showParticleSystems":true,"showVisualEffectGraphs":true,"m_FxEnabled":true},"in2DMode":false,"pivot":{"x":1.6080105304718018,"y":0.47918522357940676,"z":0.3077150583267212},"rotation":{"x":-0.08490289002656937,"y":-0.6999130845069885,"z":-0.08439511060714722,"w":0.7041252255439758},"size":0.8660256266593933,"orthographic":false}