{"cameraMode":{"drawMode":0,"name":"Shaded","section":"Shading Mode"},"sceneLighting":false,"audioPlay":false,"sceneViewState":{"showFog":true,"showMaterialUpdate":false,"showSkybox":false,"showFlares":true,"showImageEffects":true,"showParticleSystems":true,"showVisualEffectGraphs":true,"m_FxEnabled":true},"in2DMode":false,"pivot":{"x":-0.28513944149017336,"y":0.09266821295022965,"z":0.23698100447654725},"rotation":{"x":0.20050251483917237,"y":-0.4295438826084137,"z":0.09865295141935349,"w":0.8752005696296692},"size":0.8660253882408142,"orthographic":false}